{
  "report": {
    "0": {
      "precision": 0.8055555555555556,
      "recall": 1.0,
      "f1-score": 0.8923076923076924,
      "support": 29.0
    },
    "1": {
      "precision": 1.0,
      "recall": 0.5,
      "f1-score": 0.6666666666666666,
      "support": 14.0
    },
    "2": {
      "precision": 1.0,
      "recall": 1.0,
      "f1-score": 1.0,
      "support": 24.0
    },
    "accuracy": 0.8955223880597015,
    "macro avg": {
      "precision": 0.9351851851851851,
      "recall": 0.8333333333333334,
      "f1-score": 0.852991452991453,
      "support": 67.0
    },
    "weighted avg": {
      "precision": 0.9158374792703151,
      "recall": 0.8955223880597015,
      "f1-score": 0.8837351703023344,
      "support": 67.0
    }
  },
  "confusion_matrix": [
    [
      29,
      0,
      0
    ],
    [
      7,
      7,
      0
    ],
    [
      0,
      0,
      24
    ]
  ],
  "macro_f1": 0.852991452991453,
  "accuracy": 0.8955223880597015
}