{
  "report": {
    "0": {
      "precision": 0.9354838709677419,
      "recall": 1.0,
      "f1-score": 0.9666666666666667,
      "support": 29.0
    },
    "1": {
      "precision": 0.0,
      "recall": 0.0,
      "f1-score": 0.0,
      "support": 14.0
    },
    "2": {
      "precision": 0.6666666666666666,
      "recall": 1.0,
      "f1-score": 0.8,
      "support": 24.0
    },
    "accuracy": 0.7910447761194029,
    "macro avg": {
      "precision": 0.5340501792114695,
      "recall": 0.6666666666666666,
      "f1-score": 0.5888888888888889,
      "support": 67.0
    },
    "weighted avg": {
      "precision": 0.6437168993740972,
      "recall": 0.7910447761194029,
      "f1-score": 0.7049751243781095,
      "support": 67.0
    }
  },
  "confusion_matrix": [
    [
      29,
      0,
      0
    ],
    [
      2,
      0,
      12
    ],
    [
      0,
      0,
      24
    ]
  ],
  "macro_f1": 0.5888888888888889,
  "accuracy": 0.7910447761194029
}