{
  "report": {
    "0": {
      "precision": 0.9583333333333334,
      "recall": 1.0,
      "f1-score": 0.9787234042553191,
      "support": 23.0
    },
    "1": {
      "precision": 1.0,
      "recall": 0.9,
      "f1-score": 0.9473684210526315,
      "support": 10.0
    },
    "2": {
      "precision": 1.0,
      "recall": 1.0,
      "f1-score": 1.0,
      "support": 19.0
    },
    "accuracy": 0.9807692307692307,
    "macro avg": {
      "precision": 0.9861111111111112,
      "recall": 0.9666666666666667,
      "f1-score": 0.9753639417693168,
      "support": 52.0
    },
    "weighted avg": {
      "precision": 0.9815705128205129,
      "recall": 0.9807692307692307,
      "f1-score": 0.980467740546128,
      "support": 52.0
    }
  },
  "confusion_matrix": [
    [
      23,
      0,
      0
    ],
    [
      1,
      9,
      0
    ],
    [
      0,
      0,
      19
    ]
  ],
  "macro_f1": 0.9753639417693168,
  "accuracy": 0.9807692307692307
}