{
  "report": {
    "0": {
      "precision": 0.9666666666666667,
      "recall": 1.0,
      "f1-score": 0.9830508474576272,
      "support": 29.0
    },
    "1": {
      "precision": 1.0,
      "recall": 0.9285714285714286,
      "f1-score": 0.9629629629629629,
      "support": 14.0
    },
    "2": {
      "precision": 1.0,
      "recall": 1.0,
      "f1-score": 1.0,
      "support": 24.0
    },
    "accuracy": 0.9850746268656716,
    "macro avg": {
      "precision": 0.9888888888888889,
      "recall": 0.9761904761904763,
      "f1-score": 0.98200460347353,
      "support": 67.0
    },
    "weighted avg": {
      "precision": 0.9855721393034825,
      "recall": 0.9850746268656716,
      "f1-score": 0.9849247172798905,
      "support": 67.0
    }
  },
  "confusion_matrix": [
    [
      29,
      0,
      0
    ],
    [
      1,
      13,
      0
    ],
    [
      0,
      0,
      24
    ]
  ],
  "macro_f1": 0.98200460347353,
  "accuracy": 0.9850746268656716
}